循環,迴圈,子循環,子迴圈,MR編號,子配方編號,工步編號,工步,工步種類,日期時間,工步執行時間(秒),工步時間,截止電壓(V),截止電流(A),功率(W),能量(Wh),截止電量(Ah),總電量(Ah),截止Q(%),狀態,Aux T1,溫箱溫度,Var01,平均電壓(V)
1,1,1,1,1,1,1,1,靜置,03/31/2025 12:42:44,60,00:00:01:00.000,3.719636,0,0,0,0,0,0,StepFinishByCut_T,24.65,25,0,0
1,1,1,1,1,1,2,2,溫箱控制,03/31/2025 12:43:44,2401.398,00:00:40:01.398,3.719653,0,0,0,0,0,0,StepRunning,24.65,24.9,0,0
1,1,1,1,1,1,3,3,CC-CV充電,03/31/2025 13:23:45,2134.653,00:00:35:34.653,4.299936,0.274779,1.181531,11.22053,2.792394,2.792394,0,StepFinishByCut_I,24.81,25,0,4.018247
1,1,1,1,1,1,4,4,靜置,03/31/2025 13:59:20,3600,00:01:00:00.000,4.286019,0,0,0,0,2.792394,0,StepFinishByCut_T,24.74,24.9,0,0
1,1,1,1,1,1,5,5,CC放電,03/31/2025 14:59:20,3941.175,00:01:05:41.175,2.499992,-5.506487,-13.76617,-22.35286,-6.027309,-3.234916,0,StepFinishByCut_V,25.84,25,6.027309,3.708597
1,1,1,1,1,1,6,6,靜置,03/31/2025 16:05:01,3600,00:01:00:00.000,2.941272,0,0,0,0,-3.234916,0,StepFinishByCut_T,24.75,25,6.027309,0
1,1,1,2,1,1,3,7,CC-CV充電,03/31/2025 17:05:01,4207.596,00:01:10:07.596,4.299955,0.27318,1.174663,22.83563,6.045458,2.810542,0,StepFinishByCut_I,24.76,25,6.027309,3.77732
1,1,1,2,1,1,4,8,靜置,03/31/2025 18:15:09,3600,00:01:00:00.000,4.287168,0,0,0,0,2.810542,0,StepFinishByCut_T,24.75,25.1,6.027309,0
1,1,1,2,1,1,5,9,CC放電,03/31/2025 19:15:09,3965.201,00:01:06:05.201,2.499985,-5.506418,-13.76597,-22.48838,-6.06386,-3.253318,0,StepFinishByCut_V,26.03,25,6.06386,3.708592
1,1,1,2,1,1,6,10,靜置,03/31/2025 20:21:14,3600,00:01:00:00.000,2.9214,0,0,0,0,-3.253318,0,StepFinishByCut_T,24.82,25,6.06386,0
1,1,1,3,1,1,3,11,CC-CV充電,03/31/2025 21:21:14,4217.048,00:01:10:17.048,4.299934,0.274075,1.178503,22.93005,6.074739,2.821422,0,StepFinishByCut_I,24.71,25,6.06386,3.774657
1,1,1,3,1,1,4,12,靜置,03/31/2025 22:31:31,3600,00:01:00:00.000,4.287572,0,0,0,0,2.821422,0,StepFinishByCut_T,24.67,25,6.06386,0
1,1,1,3,1,1,5,13,CC放電,03/31/2025 23:31:31,3975.854,00:01:06:15.854,2.499985,-5.506098,-13.76517,-22.54528,-6.080191,-3.258769,0,StepFinishByCut_V,25.72,25,6.080191,3.707989
1,1,1,3,1,1,6,14,靜置,04/01/2025 00:37:47,3600,00:01:00:00.000,2.908872,0,0,0,0,-3.258769,0,StepFinishByCut_T,24.73,25,6.080191,0
1,1,1,1,1,1,7,15,CC-CV充電,04/01/2025 01:37:47,3385.134,00:00:56:25.134,4.100957,5.49718,22.5437,19.10089,5.168163,1.909395,0,StepFinishByFunction,24.73,25,6.080191,3.695876
1,1,1,1,1,1,8,16,溫箱控制,04/01/2025 02:34:12,3003.035,00:00:50:03.035,4.079606,0,0,0,0,1.909395,0,StepRunning,-2.97,-4,6.080191,0
1,1,1,1,1,1,9,17,靜置,04/01/2025 03:24:15,7200,00:02:00:00.000,4.078742,0,0,0,0,1.909395,0,StepFinishByCut_T,-3.04,-4,6.080191,0
1,1,1,1,1,1,10,18,CP充電,04/01/2025 05:24:15,0.015,00:00:00:00.015,4.419106,75.70884,334.5654,0.001397,0.000317,1.909712,0,StepFinishByCut_V,-3.04,-4,6.080191,4.406254
1,1,1,1,1,1,11,19,靜置,04/01/2025 05:24:15,600,00:00:10:00.000,4.078825,0,0,0,0,1.909712,0,StepFinishByCut_T,-2.92,-4,6.080191,0
1,1,1,1,1,1,12,20,CC放電,04/01/2025 05:34:15,2.06,00:00:00:02.060,4.073766,-0.552985,-2.252733,-0.001292,-0.000317,1.909395,0,StepFinishByFunction,-2.92,-4,6.080191,4.074005
1,1,1,1,1,1,13,21,靜置,04/01/2025 05:34:17,600,00:00:10:00.000,4.078719,0,0,0,0,1.909395,0,StepFinishByCut_T,-3.07,-4,6.080191,0
1,1,1,1,1,1,14,22,CC放電,04/01/2025 05:44:18,1974.439,00:00:32:54.439,3.999685,-0.555734,-2.222762,-1.226476,-0.304009,1.605385,0,StepFinishByFunction,-3,-4,6.080191,4.034336
1,1,1,1,1,1,15,23,靜置,04/01/2025 06:17:12,3600,00:01:00:00.000,4.010886,0,0,0,0,1.605385,0,StepFinishByCut_T,-3,-4,6.080191,0
1,1,1,2,1,1,10,24,CP充電,04/01/2025 07:17:12,1,00:00:00:01.000,4.387813,75.93007,333.1669,0.092547,0.021144,1.626529,0,StepFinishByCut_T,-2.98,-4,6.080191,4.377029
1,1,1,2,1,1,11,25,靜置,04/01/2025 07:17:13,600,00:00:10:00.000,4.016174,0,0,0,0,1.626529,0,StepFinishByCut_T,-3.05,-4,6.080191,0
1,1,1,2,1,1,12,26,CC放電,04/01/2025 07:27:13,137.335,00:00:02:17.335,4.003491,-0.553325,-2.215233,-0.084719,-0.021144,1.605385,0,StepFinishByFunction,-3.14,-4,6.080191,4.006778
1,1,1,2,1,1,13,27,靜置,04/01/2025 07:29:30,600,00:00:10:00.000,4.010992,0,0,0,0,1.605385,0,StepFinishByCut_T,-2.87,-4,6.080191,0
1,1,1,2,1,1,14,28,CC放電,04/01/2025 07:39:30,1973.464,00:00:32:53.464,3.936395,-0.556053,-2.188845,-1.206531,-0.30401,1.301375,0,StepFinishByFunction,-3.3,-4,6.080191,3.968726
1,1,1,2,1,1,15,29,靜置,04/01/2025 08:12:24,3600,00:01:00:00.000,3.950065,0,0,0,0,1.301375,0,StepFinishByCut_T,-3.1,-4,6.080191,0
1,1,1,3,1,1,10,30,CP充電,04/01/2025 09:12:24,1,00:00:00:01.000,4.333442,76.88314,333.1686,0.09255,0.021411,1.322787,0,StepFinishByCut_T,-3.11,-4,6.080191,4.322474
1,1,1,3,1,1,11,31,靜置,04/01/2025 09:12:25,600,00:00:10:00.000,3.955311,0,0,0,0,1.322787,0,StepFinishByCut_T,-3.22,-4,6.080191,0
1,1,1,3,1,1,12,32,CC放電,04/01/2025 09:22:25,139.137,00:00:02:19.137,3.941942,-0.553605,-2.182279,-0.084478,-0.021412,1.301375,0,StepFinishByFunction,-3.15,-4,6.080191,3.945472
1,1,1,3,1,1,13,33,靜置,04/01/2025 09:24:44,600,00:00:10:00.000,3.950099,0,0,0,0,1.301375,0,StepFinishByCut_T,-3.14,-4,6.080191,0
1,1,1,3,1,1,14,34,CC放電,04/01/2025 09:34:44,1975.176,00:00:32:55.176,3.872305,-0.552998,-2.141376,-1.187551,-0.30401,0.997366,0,StepFinishByFunction,-3.17,-4,6.080191,3.906296
1,1,1,3,1,1,15,35,靜置,04/01/2025 10:07:39,3600,00:01:00:00.000,3.892312,0,0,0,0,0.997366,0,StepFinishByCut_T,-3.11,-4,6.080191,0
1,1,1,1,1,1,16,36,CP充電,04/01/2025 11:07:39,10,00:00:00:10.000,4.360107,76.40971,333.1545,0.925378,0.214133,1.211499,0,StepFinishByCut_T,-2.66,-4,6.080191,4.321514
1,1,1,1,1,1,17,37,靜置,04/01/2025 11:07:49,600,00:00:10:00.000,3.940475,0,0,0,0,1.211499,0,StepFinishByCut_T,-3.01,-4,6.080191,0
1,1,1,1,1,1,18,38,CC放電,04/01/2025 11:17:49,1390.76,00:00:23:10.760,3.878769,-0.555781,-2.155747,-0.836573,-0.214133,0.997366,0,StepFinishByFunction,-3.17,-4,6.080191,3.906795
1,1,1,1,1,1,19,39,靜置,04/01/2025 11:41:00,3600,00:01:00:00.000,3.893043,0,0,0,0,0.997366,0,StepFinishByCut_T,-3.17,-4,6.080191,0
1,1,1,1,1,1,20,40,CP充電,04/01/2025 12:41:00,10,00:00:00:10.000,4.30667,62.85415,270.6921,0.751892,0.175981,1.173347,0,StepFinishByCut_T,-2.83,-4,6.080191,4.272576
1,1,1,1,1,1,21,41,靜置,04/01/2025 12:41:10,600,00:00:10:00.000,3.933905,0,0,0,0,1.173347,0,StepFinishByCut_T,-2.7,-4,6.080191,0
1,1,1,1,1,1,22,42,CC放電,04/01/2025 12:51:10,1142.877,00:00:19:02.877,3.88096,-0.553807,-2.149303,-0.687111,-0.175981,0.997366,0,StepFinishByFunction,-3.01,-4,6.080191,3.904461
1,1,1,1,1,1,23,43,靜置,04/01/2025 13:10:13,600,00:00:10:00.000,3.891406,0,0,0,0,0.997366,0,StepFinishByCut_T,-3.09,-4,6.080191,0
1,1,1,1,1,1,24,44,CC放電,04/01/2025 13:20:13,1972.141,00:00:32:52.141,3.800844,-0.55594,-2.113042,-1.16727,-0.30401,0.693356,0,StepFinishByFunction,-3.1,-4,6.080191,3.839584
1,1,1,1,1,1,25,45,靜置,04/01/2025 13:53:05,3600,00:01:00:00.000,3.819951,0,0,0,0,0.693356,0,StepFinishByCut_T,-3.11,-4,6.080191,0
1,1,1,2,1,1,16,46,CP充電,04/01/2025 14:53:05,10,00:00:00:10.000,4.306819,77.34052,333.0916,0.925349,0.216962,0.910318,0,StepFinishByCut_T,-2.69,-4,6.080191,4.265032
1,1,1,2,1,1,17,47,靜置,04/01/2025 14:53:15,600,00:00:10:00.000,3.883803,0,0,0,0,0.910318,0,StepFinishByCut_T,-2.98,-4,6.080191,0
1,1,1,2,1,1,18,48,CC放電,04/01/2025 15:03:16,1406.627,00:00:23:26.627,3.807767,-0.554497,-2.111394,-0.833827,-0.216962,0.693356,0,StepFinishByFunction,-3.11,-4,6.080191,3.843198
1,1,1,2,1,1,19,49,靜置,04/01/2025 15:26:42,3600,00:01:00:00.000,3.820301,0,0,0,0,0.693356,0,StepFinishByCut_T,-3.13,-4,6.080191,0
1,1,1,2,1,1,20,50,CP充電,04/01/2025 16:26:42,10,00:00:00:10.000,4.254252,63.61566,270.6371,0.751913,0.178346,0.871702,0,StepFinishByCut_T,-2.83,-4,6.080191,4.216028
1,1,1,2,1,1,21,51,靜置,04/01/2025 16:26:52,600,00:00:10:00.000,3.876572,0,0,0,0,0.871702,0,StepFinishByCut_T,-2.98,-4,6.080191,0
1,1,1,2,1,1,22,52,CC放電,04/01/2025 16:36:52,1157.591,00:00:19:17.591,3.810141,-0.553141,-2.107544,-0.684941,-0.178346,0.693356,0,StepFinishByFunction,-3.02,-4,6.080191,3.840513
1,1,1,2,1,1,23,53,靜置,04/01/2025 16:56:10,600,00:00:10:00.000,3.819212,0,0,0,0,0.693356,0,StepFinishByCut_T,-3.09,-4,6.080191,0
1,1,1,2,1,1,24,54,CC放電,04/01/2025 17:06:10,1972.929,00:00:32:52.929,3.746511,-0.553628,-2.074173,-1.147507,-0.304009,0.389347,0,StepFinishByFunction,-3.18,-4,6.080191,3.774576
1,1,1,2,1,1,25,55,靜置,04/01/2025 17:39:03,3600,00:01:00:00.000,3.757596,0,0,0,0,0.389347,0,StepFinishByCut_T,-3.27,-4,6.080191,0
1,1,1,3,1,1,16,56,CP充電,04/01/2025 18:39:03,10,00:00:00:10.000,4.246779,78.44518,333.1394,0.925381,0.220069,0.609416,0,StepFinishByCut_T,-2.82,-4,6.080191,4.204953
1,1,1,3,1,1,17,57,靜置,04/01/2025 18:39:13,600,00:00:10:00.000,3.806718,0,0,0,0,0.609416,0,StepFinishByCut_T,-3.05,-4,6.080191,0
1,1,1,3,1,1,18,58,CC放電,04/01/2025 18:49:13,1428.504,00:00:23:48.504,3.748307,-0.553522,-2.074772,-0.829804,-0.220069,0.389346,0,StepFinishByFunction,-3.06,-4,6.080191,3.770648
1,1,1,3,1,1,19,59,靜置,04/01/2025 19:13:01,3600,00:01:00:00.000,3.757876,0,0,0,0,0.389346,0,StepFinishByCut_T,-3.17,-4,6.080191,0
1,1,1,3,1,1,20,60,CP充電,04/01/2025 20:13:01,10,00:00:00:10.000,4.190711,64.5805,270.6382,0.751916,0.181002,0.570349,0,StepFinishByCut_T,-2.82,-4,6.080191,4.154183
1,1,1,3,1,1,21,61,靜置,04/01/2025 20:13:12,600,00:00:10:00.000,3.798534,0,0,0,0,0.570349,0,StepFinishByCut_T,-3.05,-4,6.080191,0
1,1,1,3,1,1,22,62,CC放電,04/01/2025 20:23:12,1174.451,00:00:19:34.451,3.749171,-0.553997,-2.077029,-0.682001,-0.181002,0.389346,0,StepFinishByFunction,-3.04,-4,6.080191,3.767914
1,1,1,3,1,1,23,63,靜置,04/01/2025 20:42:46,600,00:00:10:00.000,3.757326,0,0,0,0,0.389346,0,StepFinishByCut_T,-3.08,-4,6.080191,0
1,1,1,3,1,1,24,64,CC放電,04/01/2025 20:52:46,1971.964,00:00:32:51.964,3.704335,-0.556235,-2.060481,-1.132613,-0.30401,0.085337,0,StepFinishByFunction,-3.04,-4,6.080191,3.725584
1,1,1,3,1,1,25,65,靜置,04/01/2025 21:25:38,3600,00:01:00:00.000,3.715619,0,0,0,0,0.085337,0,StepFinishByCut_T,-3.11,-4,6.080191,0
1,1,1,1,1,1,26,66,CC放電,04/01/2025 22:25:38,5917.45,00:01:38:37.450,3.621367,-0.556848,-2.016553,-3.336777,-0.912029,-0.826692,0,StepFinishByFunction,-3.11,-4,6.080191,3.658632
1,1,1,1,1,1,27,67,靜置,04/02/2025 00:04:16,3600,00:01:00:00.000,3.634993,0,0,0,0,-0.826692,0,StepFinishByCut_T,-3.2,-4,6.080191,0
1,1,1,1,1,1,28,68,CP放電,04/02/2025 01:04:16,1,00:00:00:01.000,3.052279,-136.5026,-416.6441,-0.115677,-0.037715,-0.864407,0,StepFinishByCut_T,-3.2,-4,6.080191,3.06713
1,1,1,1,1,1,29,69,靜置,04/02/2025 01:04:17,600,00:00:10:00.000,3.631282,0,0,0,0,-0.864407,0,StepFinishByCut_T,-3.14,-4,6.080191,0
1,1,1,1,1,1,30,70,CC充電,04/02/2025 01:14:17,248.622,00:00:04:08.622,3.643663,0.546111,1.989843,0.137317,0.037715,-0.826692,0,StepFinishByFunction,-3.12,-4,6.080191,3.640928
1,1,1,1,1,1,31,71,靜置,04/02/2025 01:18:25,3600,00:01:00:00.000,3.636451,0,0,0,0,-0.826692,0,StepFinishByCut_T,-3.19,-4,6.080191,0
1,1,1,1,1,1,32,72,CP放電,04/02/2025 02:18:25,10,00:00:00:10.000,3.056249,-109.0844,-333.389,-0.926031,-0.299116,-1.125808,0,StepFinishByCut_T,-2.4,-4,6.080191,3.095896
1,1,1,1,1,1,33,73,靜置,04/02/2025 02:18:35,600,00:00:10:00.000,3.614501,0,0,0,0,-1.125808,0,StepFinishByCut_T,-2.84,-4,6.080191,0
1,1,1,1,1,1,34,74,CC充電,04/02/2025 02:28:35,1972.315,00:00:32:52.315,3.651478,0.545828,1.99308,1.088256,0.299116,-0.826692,0,StepFinishByFunction,-3.1,-4,6.080191,3.638243
1,1,1,1,1,1,35,75,靜置,04/02/2025 03:01:28,3600,00:01:00:00.000,3.640396,0,0,0,0,-0.826692,0,StepFinishByCut_T,-3.16,-4,6.080191,0
1,1,1,1,1,1,36,76,CP放電,04/02/2025 04:01:28,10,00:00:00:10.000,3.042343,-111.3126,-338.6512,-0.940587,-0.304623,-1.131315,0,StepFinishByCut_T,-2.3,-4,6.080191,3.087704
1,1,1,1,1,1,37,77,靜置,04/02/2025 04:01:38,600,00:00:10:00.000,3.61441,0,0,0,0,-1.131315,0,StepFinishByCut_T,-2.74,-4,6.080191,0
1,1,1,1,1,1,38,78,CC充電,04/02/2025 04:11:38,2008.261,00:00:33:28.261,3.653058,0.546218,1.995364,1.108529,0.304623,-0.826692,0,StepFinishByFunction,-3.1,-4,6.080191,3.639017
1,1,1,1,1,1,39,79,靜置,04/02/2025 04:45:06,600,00:00:10:00.000,3.643177,0,0,0,0,-0.826692,0,StepFinishByCut_T,-3.11,-4,6.080191,0
1,1,1,1,1,1,40,80,CC放電,04/02/2025 04:55:06,3946.72,00:01:05:46.720,3.580811,-0.55443,-1.985308,-2.192159,-0.608019,-1.434711,0,StepFinishByFunction,-3.07,-4,6.080191,3.605411
1,1,1,2,1,1,27,81,靜置,04/02/2025 06:00:53,3600,00:01:00:00.000,3.599124,0,0,0,0,-1.434711,0,StepFinishByCut_T,-3.09,-4,6.080191,0
1,1,1,2,1,1,28,82,CP放電,04/02/2025 07:00:53,1,00:00:00:01.000,2.974534,-140.0732,-416.6525,-0.115632,-0.03862,-1.473331,0,StepFinishByCut_T,-3.09,-4,6.080191,2.994111
1,1,1,2,1,1,29,83,靜置,04/02/2025 07:00:54,600,00:00:10:00.000,3.593689,0,0,0,0,-1.473331,0,StepFinishByCut_T,-3.07,-4,6.080191,0
1,1,1,2,1,1,30,84,CC充電,04/02/2025 07:10:54,255.153,00:00:04:15.153,3.608527,0.544592,1.965176,0.139209,0.03862,-1.434711,0,StepFinishByFunction,-3.1,-4,6.080191,3.604602
1,1,1,2,1,1,31,85,靜置,04/02/2025 07:15:09,3600,00:01:00:00.000,3.601685,0,0,0,0,-1.434711,0,StepFinishByCut_T,-3.13,-4,6.080191,0
1,1,1,2,1,1,32,86,CP放電,04/02/2025 08:15:09,10,00:00:00:10.000,2.95152,-112.9568,-333.3942,-0.926022,-0.307503,-1.742214,0,StepFinishByCut_T,-2.25,-4,6.080191,3.011421
1,1,1,2,1,1,33,87,靜置,04/02/2025 08:15:19,600,00:00:10:00.000,3.56237,0,0,0,0,-1.742214,0,StepFinishByCut_T,-2.87,-4,6.080191,0
1,1,1,2,1,1,34,88,CC充電,04/02/2025 08:25:19,2029.196,00:00:33:49.196,3.621883,0.546825,1.980538,1.106652,0.307503,-1.434711,0,StepFinishByFunction,-3.29,-4,6.080191,3.598827
1,1,1,2,1,1,35,89,靜置,04/02/2025 08:59:08,3600,00:01:00:00.000,3.609514,0,0,0,0,-1.434711,0,StepFinishByCut_T,-3.23,-4,6.080191,0
1,1,1,2,1,1,36,90,CP放電,04/02/2025 09:59:08,10,00:00:00:10.000,2.944344,-115.0164,-338.6478,-0.940578,-0.312491,-1.747201,0,StepFinishByCut_T,-2.24,-4,6.080191,3.00994
1,1,1,2,1,1,37,91,靜置,04/02/2025 09:59:18,600,00:00:10:00.000,3.562657,0,0,0,0,-1.747201,0,StepFinishByCut_T,-2.86,-4,6.080191,0
1,1,1,2,1,1,38,92,CC充電,04/02/2025 10:09:18,2062.228,00:00:34:22.228,3.623255,0.546168,1.978905,1.124896,0.312491,-1.434711,0,StepFinishByFunction,-3.17,-4,6.080191,3.599775
1,1,1,2,1,1,39,93,靜置,04/02/2025 10:43:41,600,00:00:10:00.000,3.612934,0,0,0,0,-1.434711,0,StepFinishByCut_T,-3.28,-4,6.080191,0
1,1,1,2,1,1,40,94,CC放電,04/02/2025 10:53:41,3945.752,00:01:05:45.752,3.504736,-0.555616,-1.947286,-2.161829,-0.608019,-2.04273,0,StepFinishByFunction,-3.09,-4,6.080191,3.555529
1,1,1,3,1,1,27,95,靜置,04/02/2025 11:59:27,3600,00:01:00:00.000,3.517158,0,0,0,0,-2.04273,0,StepFinishByCut_T,-3.2,-4,6.080191,0
1,1,1,3,1,1,28,96,CP放電,04/02/2025 12:59:27,1,00:00:00:01.000,2.775691,-150.0742,-416.5596,-0.115629,-0.041052,-2.083782,0,StepFinishByCut_T,-3.21,-4,6.080191,2.816647
1,1,1,3,1,1,29,97,靜置,04/02/2025 12:59:28,600,00:00:10:00.000,3.509184,0,0,0,0,-2.083782,0,StepFinishByCut_T,-3.14,-4,6.080191,0
1,1,1,3,1,1,30,98,CC充電,04/02/2025 13:09:28,270.674,00:00:04:30.674,3.527336,0.546273,1.92689,0.144587,0.041052,-2.04273,0,StepFinishByFunction,-3.19,-4,6.080191,3.52203
1,1,1,3,1,1,31,99,靜置,04/02/2025 13:13:58,3600,00:01:00:00.000,3.520152,0,0,0,0,-2.04273,0,StepFinishByCut_T,-3.15,-4,6.080191,0
1,1,1,3,1,1,32,100,CP放電,04/02/2025 14:13:58,9.505,00:00:00:09.505,2.196571,-151.4885,-332.7552,-0.879938,-0.326092,-2.368822,0,StepFinishByCut_V,-2.09,-4,6.080191,2.698432
1,1,1,3,1,1,33,101,靜置,04/02/2025 14:14:08,600,00:00:10:00.000,3.477702,0,0,0,0,-2.368822,0,StepFinishByCut_T,-2.61,-4,6.080191,0
1,1,1,3,1,1,34,102,CC充電,04/02/2025 14:24:08,2151.707,00:00:35:51.707,3.537123,0.545657,1.930056,1.144629,0.326092,-2.04273,0,StepFinishByFunction,-3.19,-4,6.080191,3.510137
1,1,1,3,1,1,35,103,靜置,04/02/2025 15:00:00,3600,00:01:00:00.000,3.527665,0,0,0,0,-2.04273,0,StepFinishByCut_T,-3.14,-4,6.080191,0
1,1,1,3,1,1,36,104,CP放電,04/02/2025 16:00:00,9.135,00:00:00:09.135,2.19846,-153.7325,-337.9748,-0.858971,-0.318749,-2.361479,0,StepFinishByCut_V,-2.2,-4,6.080191,2.694818
1,1,1,3,1,1,37,105,靜置,04/02/2025 16:00:09,600,00:00:10:00.000,3.478239,0,0,0,0,-2.361479,0,StepFinishByCut_T,-2.51,-4,6.080191,0
1,1,1,3,1,1,38,106,CC充電,04/02/2025 16:10:09,2102.476,00:00:35:02.476,3.538718,0.545819,1.931498,1.119201,0.318749,-2.04273,0,StepFinishByFunction,-3.21,-4,6.080191,3.511227
1,1,1,3,1,1,39,107,靜置,04/02/2025 16:45:11,600,00:00:10:00.000,3.529633,0,0,0,0,-2.04273,0,StepFinishByCut_T,-3.1,-4,6.080191,0
1,1,1,3,1,1,40,108,CC放電,04/02/2025 16:55:11,3945.759,00:01:05:45.759,3.43777,-0.552317,-1.89874,-2.110491,-0.608019,-2.650749,0,StepFinishByFunction,-3.13,-4,6.080191,3.471094
1,1,1,1,1,1,41,109,靜置,04/02/2025 18:00:57,600,00:00:10:00.000,3.451249,0,0,0,0,-2.650749,0,StepFinishByCut_T,-3.17,-4,6.080191,0
1,1,1,1,1,1,42,110,CC充電,04/02/2025 18:10:57,8020.983,00:02:13:40.983,3.628978,0.545957,1.981265,4.312496,1.216038,-1.434711,0,StepFinishByFunction,-3.26,-4,6.080191,3.546349
1,1,1,1,1,1,43,111,溫箱控制,04/02/2025 20:24:38,2401.571,00:00:40:01.571,3.614406,0,0,0,0,-1.434711,0,StepRunning,2.13,1.5,6.080191,0
1,1,1,1,1,1,44,112,靜置,04/02/2025 21:04:40,3600,00:01:00:00.000,3.612867,0,0,0,0,-1.434711,0,StepFinishByCut_T,2.26,1.5,6.080191,0
1,1,1,1,1,1,45,113,CP放電,04/02/2025 22:04:40,10,00:00:00:10.000,3.078604,-110.0002,-338.6471,-0.940593,-0.299876,-1.734586,0,StepFinishByCut_T,2.91,1.5,6.080191,3.136606
1,1,1,1,1,1,46,114,靜置,04/02/2025 22:04:50,600,00:00:10:00.000,3.573896,0,0,0,0,-1.734586,0,StepFinishByCut_T,2.55,1.5,6.080191,0
1,1,1,1,1,1,47,115,CC充電,04/02/2025 22:14:50,1978.458,00:00:32:58.458,3.623605,0.545942,1.978277,1.080831,0.299876,-1.434711,0,StepFinishByFunction,2.32,1.5,6.080191,3.604258
1,1,1,1,1,1,48,116,靜置,04/02/2025 22:47:48,600,00:00:10:00.000,3.615739,0,0,0,0,-1.434711,0,StepFinishByCut_T,2.31,1.5,6.080191,0
1,1,1,1,1,1,49,117,CC放電,04/02/2025 22:57:48,3945.112,00:01:05:45.112,3.511687,-0.555724,-1.951529,-2.166696,-0.608019,-2.04273,0,StepFinishByFunction,2.33,1.5,6.080191,3.563533
1,1,1,1,1,1,50,118,靜置,04/03/2025 00:03:33,3600,00:01:00:00.000,3.519284,0,0,0,0,-2.04273,0,StepFinishByCut_T,2.43,1.5,6.080191,0
1,1,1,2,1,1,45,119,CP放電,04/03/2025 01:03:34,10,00:00:00:10.000,2.759704,-122.6755,-338.5482,-0.94051,-0.32117,-2.363899,0,StepFinishByCut_T,3.4,1.5,6.080191,2.928387
1,1,1,2,1,1,46,120,靜置,04/03/2025 01:03:44,600,00:00:10:00.000,3.478657,0,0,0,0,-2.363899,0,StepFinishByCut_T,2.94,1.5,6.080191,0
1,1,1,2,1,1,47,121,CC充電,04/03/2025 01:13:44,2118.574,00:00:35:18.574,3.533707,0.547006,1.932958,1.126391,0.32117,-2.04273,0,StepFinishByFunction,2.55,1.5,6.080191,3.50715
1,1,1,2,1,1,48,122,靜置,04/03/2025 01:49:02,600,00:00:10:00.000,3.527837,0,0,0,0,-2.04273,0,StepFinishByCut_T,2.51,1.5,6.080191,0
1,1,1,2,1,1,49,123,CC放電,04/03/2025 01:59:02,3945.274,00:01:05:45.274,3.442776,-0.557289,-1.918622,-2.112542,-0.608019,-2.650749,0,StepFinishByFunction,2.7,1.5,6.080191,3.474467
1,1,1,2,1,1,50,124,靜置,04/03/2025 03:04:47,3600,00:01:00:00.000,3.453786,0,0,0,0,-2.650749,0,StepFinishByCut_T,2.62,1.5,6.080191,0
1,1,1,1,1,1,51,125,CP放電,04/03/2025 04:04:48,2.295,00:00:00:02.295,2.196528,-153.6114,-337.4118,-0.215605,-0.081934,-2.732683,0,StepFinishByCut_V,2.67,1.5,6.080191,2.631435
1,1,1,1,1,1,52,126,靜置,04/03/2025 04:04:50,600,00:00:10:00.000,3.442167,0,0,0,0,-2.732683,0,StepFinishByCut_T,2.7,1.5,6.080191,0
1,1,1,1,1,1,53,127,CC充電,04/03/2025 04:14:50,540.701,00:00:09:00.701,3.470747,0.543651,1.886873,0.283658,0.081934,-2.650748,0,StepFinishByFunction,2.62,1.5,6.080191,3.462008
1,1,1,1,1,1,54,128,靜置,04/03/2025 04:23:51,600,00:00:10:00.000,3.463225,0,0,0,0,-2.650748,0,StepFinishByCut_T,2.57,1.5,6.080191,0
1,1,1,1,1,1,55,129,CC充電,04/03/2025 04:33:51,8026.043,00:02:13:46.043,3.626318,0.544931,1.976094,4.31054,1.216038,-1.434711,0,StepFinishByFunction,2.58,1.5,6.080191,3.544741
1,1,1,1,1,1,56,130,溫箱控制,04/03/2025 06:47:37,2401.671,00:00:40:01.671,3.615166,0,0,0,0,-1.434711,0,StepRunning,5.52,4.5,6.080191,0
1,1,1,1,1,1,57,131,靜置,04/03/2025 07:27:38,3600,00:01:00:00.000,3.61383,0,0,0,0,-1.434711,0,StepFinishByCut_T,5.54,4.5,6.080191,0
1,1,1,1,1,1,58,132,CP放電,04/03/2025 08:27:38,10,00:00:00:10.000,3.133781,-108.0607,-338.6386,-0.940618,-0.294884,-1.729594,0,StepFinishByCut_T,6.13,4.5,6.080191,3.189794
1,1,1,1,1,1,59,133,靜置,04/03/2025 08:27:48,600,00:00:10:00.000,3.57537,0,0,0,0,-1.729594,0,StepFinishByCut_T,5.64,4.5,6.080191,0
1,1,1,1,1,1,60,134,CC充電,04/03/2025 08:37:48,1947.986,00:00:32:27.986,3.623257,0.546626,1.980566,1.062827,0.294884,-1.43471,0,StepFinishByFunction,5.32,4.5,6.080191,3.604222
1,1,1,1,1,1,61,135,靜置,04/03/2025 09:10:16,600,00:00:10:00.000,3.616385,0,0,0,0,-1.43471,0,StepFinishByCut_T,5.35,4.5,6.080191,0
1,1,1,1,1,1,62,136,CC放電,04/03/2025 09:20:16,3941.753,00:01:05:41.753,3.513685,-0.555904,-1.953272,-2.167719,-0.608019,-2.042729,0,StepFinishByFunction,5.45,4.5,6.080191,3.565216
1,1,1,2,1,1,57,137,靜置,04/03/2025 10:25:58,3600,00:01:00:00.000,3.520077,0,0,0,0,-2.042729,0,StepFinishByCut_T,5.28,4.5,6.080191,0
1,1,1,2,1,1,58,138,CP放電,04/03/2025 11:25:58,10,00:00:00:10.000,2.906214,-116.5053,-338.5893,-0.940558,-0.311876,-2.354605,0,StepFinishByCut_T,5.98,4.5,6.080191,3.015806
1,1,1,2,1,1,59,139,靜置,04/03/2025 11:26:08,600,00:00:10:00.000,3.480052,0,0,0,0,-2.354605,0,StepFinishByCut_T,5.7,4.5,6.080191,0
1,1,1,2,1,1,60,140,CC充電,04/03/2025 11:36:08,2059.162,00:00:34:19.162,3.532994,0.545777,1.928228,1.093724,0.311876,-2.042729,0,StepFinishByFunction,5.34,4.5,6.080191,3.506919
1,1,1,2,1,1,61,141,靜置,04/03/2025 12:10:28,600,00:00:10:00.000,3.528262,0,0,0,0,-2.042729,0,StepFinishByCut_T,5.38,4.5,6.080191,0
1,1,1,2,1,1,62,142,CC放電,04/03/2025 12:20:28,3941.746,00:01:05:41.746,3.445203,-0.555836,-1.914966,-2.113685,-0.608019,-2.650748,0,StepFinishByFunction,5.66,4.5,6.080191,3.476346
1,1,1,1,1,1,63,143,靜置,04/03/2025 13:26:09,3600,00:01:00:00.000,3.454155,0,0,0,0,-2.650748,0,StepFinishByCut_T,5.28,4.5,6.080191,0
1,1,1,1,1,1,64,144,CP放電,04/03/2025 14:26:09,3.025,00:00:00:03.025,2.196571,-153.6293,-337.4577,-0.284242,-0.105748,-2.756496,0,StepFinishByCut_V,5.31,4.5,6.080191,2.687922
1,1,1,1,1,1,65,145,靜置,04/03/2025 14:26:12,600,00:00:10:00.000,3.43801,0,0,0,0,-2.756496,0,StepFinishByCut_T,5.4,4.5,6.080191,0
1,1,1,1,1,1,66,146,CC充電,04/03/2025 14:36:12,698.459,00:00:11:38.459,3.470768,0.544476,1.889749,0.365963,0.105748,-2.650748,0,StepFinishByFunction,5.26,4.5,6.080191,3.460715
1,1,1,1,1,1,67,147,靜置,04/03/2025 14:47:51,600,00:00:10:00.000,3.464399,0,0,0,0,-2.650748,0,StepFinishByCut_T,5.18,4.5,6.080191,0
1,1,1,1,1,1,68,148,CC充電,04/03/2025 14:57:51,8028.267,00:02:13:48.267,3.625511,0.545956,1.979368,4.309888,1.216038,-1.43471,0,StepFinishByFunction,5.3,4.5,6.080191,3.544205
1,1,1,1,1,1,69,149,溫箱控制,04/03/2025 17:11:39,2401.853,00:00:40:01.853,3.615626,0,0,0,0,-1.43471,0,StepRunning,8.25,7.5,6.080191,0
1,1,1,1,1,1,70,150,靜置,04/03/2025 17:51:41,3600,00:01:00:00.000,3.614389,0,0,0,0,-1.43471,0,StepFinishByCut_T,8.36,7.5,6.080191,0
1,1,1,1,1,1,71,151,CP放電,04/03/2025 18:51:41,10,00:00:00:10.000,3.189469,-104.5292,-333.3927,-0.926043,-0.285593,-1.720303,0,StepFinishByCut_T,8.9,7.5,6.080191,3.242533
1,1,1,1,1,1,72,152,靜置,04/03/2025 18:51:51,600,00:00:10:00.000,3.577172,0,0,0,0,-1.720303,0,StepFinishByCut_T,8.389999,7.5,6.080191,0
1,1,1,1,1,1,73,153,CC充電,04/03/2025 19:01:51,1884.821,00:00:31:24.821,3.622618,0.546722,1.980565,1.029384,0.285593,-1.43471,0,StepFinishByFunction,8.24,7.5,6.080191,3.60438
1,1,1,1,1,1,74,154,靜置,04/03/2025 19:33:16,600,00:00:10:00.000,3.616565,0,0,0,0,-1.43471,0,StepFinishByCut_T,8.26,7.5,6.080191,0
1,1,1,1,1,1,75,155,CC放電,04/03/2025 19:43:16,3948.289,00:01:05:48.289,3.515065,-0.555114,-1.951261,-2.168394,-0.608019,-2.042729,0,StepFinishByFunction,9.05,7.5,6.080191,3.566325
1,1,1,2,1,1,70,156,靜置,04/03/2025 20:49:04,3600,00:01:00:00.000,3.520564,0,0,0,0,-2.042729,0,StepFinishByCut_T,9.78,7.5,6.080191,0
1,1,1,2,1,1,71,157,CP放電,04/03/2025 21:49:04,10,00:00:00:10.000,3.015614,-110.5564,-333.3954,-0.926005,-0.299397,-2.342126,0,StepFinishByCut_T,10.36,7.5,6.080191,3.092899
1,1,1,2,1,1,72,158,靜置,04/03/2025 21:49:14,600,00:00:10:00.000,3.481411,0,0,0,0,-2.342126,0,StepFinishByCut_T,9.48,7.5,6.080191,0
1,1,1,2,1,1,73,159,CC充電,04/03/2025 21:59:14,1972.805,00:00:32:52.805,3.532219,0.546111,1.928982,1.04994,0.299397,-2.042729,0,StepFinishByFunction,8.52,7.5,6.080191,3.506848
1,1,1,2,1,1,74,160,靜置,04/03/2025 22:32:07,600,00:00:10:00.000,3.528351,0,0,0,0,-2.042729,0,StepFinishByCut_T,8.53,7.5,6.080191,0
1,1,1,2,1,1,75,161,CC放電,04/03/2025 22:42:07,3946.614,00:01:05:46.614,3.446799,-0.554833,-1.912398,-2.114404,-0.608019,-2.650748,0,StepFinishByFunction,8.929999,7.5,6.080191,3.477529
1,1,1,3,1,1,70,162,靜置,04/03/2025 23:47:54,3600,00:01:00:00.000,3.454242,0,0,0,0,-2.650748,0,StepFinishByCut_T,8.3,7.5,6.080191,0
1,1,1,3,1,1,71,163,CP放電,04/04/2025 00:47:54,4.045,00:00:00:04.045,2.196656,-151.2846,-332.3202,-0.374308,-0.136184,-2.786932,0,StepFinishByCut_V,8.46,7.5,6.080191,2.748552
1,1,1,3,1,1,72,164,靜置,04/04/2025 00:47:58,600,00:00:10:00.000,3.429562,0,0,0,0,-2.786932,0,StepFinishByCut_T,8.639999,7.5,6.080191,0
1,1,1,3,1,1,73,165,CC充電,04/04/2025 00:57:58,898.656,00:00:14:58.656,3.470615,0.544954,1.891327,0.470926,0.136184,-2.650748,0,StepFinishByFunction,8.37,7.5,6.080191,3.458013
1,1,1,3,1,1,74,166,靜置,04/04/2025 01:12:57,600,00:00:10:00.000,3.465184,0,0,0,0,-2.650748,0,StepFinishByCut_T,8.42,7.5,6.080191,0
1,1,1,3,1,1,75,167,CC放電,04/04/2025 01:22:57,3947.572,00:01:05:47.572,2.797829,-0.555039,-1.552905,-1.986807,-0.608019,-3.258768,0,StepFinishByFunction,8.59,7.5,6.080191,3.267672
1,1,1,1,1,1,76,168,溫箱控制,04/04/2025 02:28:44,2401.55,00:00:40:01.550,2.933431,0,0,0,0,-3.258768,0,StepRunning,24.74,24.8,6.080191,0
1,1,1,1,1,1,77,169,靜置,04/04/2025 03:08:46,3600,00:01:00:00.000,2.967007,0,0,0,0,-3.258768,0,StepFinishByCut_T,24.9,25,6.080191,0
1,1,1,1,1,1,78,170,CC-CV充電,04/04/2025 04:08:46,4220.217,00:01:10:20.217,4.299953,0.273922,1.177851,22.91656,6.067116,2.808349,0,StepFinishByCut_I,24.86,25,6.080191,3.777175
1,1,1,1,1,1,79,171,靜置,04/04/2025 05:19:06,3600,00:01:00:00.000,4.287287,0,0,0,0,2.808349,0,StepFinishByCut_T,24.88,25,6.080191,0
1,1,1,1,1,1,80,172,CC放電,04/04/2025 06:19:06,397.665,00:00:06:37.665,4.116649,-5.502299,-22.65103,-2.54977,-0.608019,2.20033,0,StepFinishByFunction,25.14,25,6.080191,4.193569
1,1,1,1,1,1,81,173,溫箱控制,04/04/2025 06:25:44,2401.49,00:00:40:01.490,4.137006,0,0,0,0,2.20033,0,StepRunning,8.389999,7.5,6.080191,0
1,1,1,1,1,1,82,174,靜置,04/04/2025 07:05:45,3600,00:01:00:00.000,4.137301,0,0,0,0,2.20033,0,StepFinishByCut_T,8.59,7.5,6.080191,0
1,1,1,1,1,1,83,175,CP充電,04/04/2025 08:05:45,0.865,00:00:00:00.865,4.399957,89.9178,395.6344,0.095068,0.021659,2.221988,0,StepFinishByCut_V,8.599999,7.5,6.080191,4.389359
1,1,1,1,1,1,84,176,靜置,04/04/2025 08:05:46,600,00:00:10:00.000,4.143123,0,0,0,0,2.221988,0,StepFinishByCut_T,9.54,7.5,6.080191,0
1,1,1,1,1,1,85,177,CC放電,04/04/2025 08:15:46,141.099,00:00:02:21.099,4.133582,-0.552318,-2.283053,-0.089602,-0.021659,2.200329,0,StepFinishByFunction,9.51,7.5,6.080191,4.136955
1,1,1,1,1,1,86,178,靜置,04/04/2025 08:18:08,600,00:00:10:00.000,4.137174,0,0,0,0,2.200329,0,StepFinishByCut_T,8.24,7.5,6.080191,0
1,1,1,1,1,1,87,179,CC放電,04/04/2025 08:28:08,1975.458,00:00:32:55.458,4.060325,-0.553992,-2.249388,-1.245087,-0.30401,1.89632,0,StepFinishByFunction,8.32,7.5,6.080191,4.095551
1,1,1,2,1,1,82,180,靜置,04/04/2025 09:01:03,3600,00:01:00:00.000,4.068063,0,0,0,0,1.89632,0,StepFinishByCut_T,8.429999,7.5,6.080191,0
1,1,1,2,1,1,83,181,CP充電,04/04/2025 10:01:03,5.795,00:00:00:05.795,4.399935,89.91419,395.6166,0.636862,0.145954,2.042274,0,StepFinishByCut_V,8.48,7.5,6.080191,4.363451
1,1,1,2,1,1,84,182,靜置,04/04/2025 10:01:09,600,00:00:10:00.000,4.104524,0,0,0,0,2.042274,0,StepFinishByCut_T,8.53,7.5,6.080191,0
1,1,1,2,1,1,85,183,CC放電,04/04/2025 10:11:09,948.456,00:00:15:48.456,4.062533,-0.552989,-2.246537,-0.595685,-0.145954,1.89632,0,StepFinishByFunction,8.44,7.5,6.080191,4.081324
1,1,1,2,1,1,86,184,靜置,04/04/2025 10:26:57,600,00:00:10:00.000,4.067494,0,0,0,0,1.89632,0,StepFinishByCut_T,8.48,7.5,6.080191,0
1,1,1,2,1,1,87,185,CC放電,04/04/2025 10:36:57,1975.873,00:00:32:55.873,3.995952,-0.554715,-2.216615,-1.22474,-0.30401,1.59231,0,StepFinishByFunction,8.3,7.4,6.080191,4.028624
1,1,1,3,1,1,82,186,靜置,04/04/2025 11:09:53,3600,00:01:00:00.000,4.004774,0,0,0,0,1.59231,0,StepFinishByCut_T,8.3,7.5,6.080191,0
1,1,1,3,1,1,83,187,CP充電,04/04/2025 12:09:53,10,00:00:00:10.000,4.377834,90.36112,395.586,1.098948,0.253988,1.846298,0,StepFinishByCut_T,8.59,7.5,6.080191,4.326776
1,1,1,3,1,1,84,188,靜置,04/04/2025 12:10:03,600,00:00:10:00.000,4.06446,0,0,0,0,1.846298,0,StepFinishByCut_T,8.44,7.5,6.080191,0
1,1,1,3,1,1,85,189,CC放電,04/04/2025 12:20:03,1649.44,00:00:27:29.440,3.99798,-0.553275,-2.211981,-1.023212,-0.253988,1.59231,0,StepFinishByFunction,8.29,7.5,6.080191,4.02859
1,1,1,3,1,1,86,190,靜置,04/04/2025 12:47:33,600,00:00:10:00.000,4.003814,0,0,0,0,1.59231,0,StepFinishByCut_T,8.389999,7.5,6.080191,0
1,1,1,3,1,1,87,191,CC放電,04/04/2025 12:57:33,1973.708,00:00:32:53.708,3.934964,-0.554317,-2.181219,-1.205769,-0.304009,1.288301,0,StepFinishByFunction,8.32,7.5,6.080191,3.966222
1,1,1,1,1,1,88,192,靜置,04/04/2025 13:30:27,600,00:00:10:00.000,3.943063,0,0,0,0,1.288301,0,StepFinishByCut_T,8.37,7.5,6.080191,0
1,1,1,1,1,1,89,193,CC充電,04/04/2025 13:40:27,2005.418,00:00:33:25.418,4.016478,0.544486,2.186915,1.210878,0.30401,1.59231,0,StepFinishByFunction,8.27,7.5,6.080191,3.983025
1,1,1,1,1,1,90,194,溫箱控制,04/04/2025 14:13:52,2402.319,00:00:40:02.319,4.009725,0,0,0,0,1.59231,0,StepRunning,5.39,4.5,6.080191,0
1,1,1,1,1,1,91,195,靜置,04/04/2025 14:53:54,3600,00:01:00:00.000,4.009075,0,0,0,0,1.59231,0,StepFinishByCut_T,5.26,4.5,6.080191,0
1,1,1,1,1,1,92,196,CP充電,04/04/2025 15:53:54,5.675,00:00:00:05.675,4.400042,98.45145,433.1905,0.682745,0.15648,1.74879,0,StepFinishByCut_V,5.42,4.5,6.080191,4.363153
1,1,1,1,1,1,93,197,靜置,04/04/2025 15:54:00,600,00:00:10:00.000,4.046472,0,0,0,0,1.74879,0,StepFinishByCut_T,5.36,4.5,6.080191,0
1,1,1,1,1,1,94,198,CC放電,04/04/2025 16:04:00,1014.201,00:00:16:54.201,4.001544,-0.555769,-2.223936,-0.629329,-0.15648,1.59231,0,StepFinishByFunction,5.31,4.5,6.080191,4.021786
1,1,1,1,1,1,95,199,靜置,04/04/2025 16:20:54,600,00:00:10:00.000,4.007247,0,0,0,0,1.59231,0,StepFinishByCut_T,5.32,4.5,6.080191,0
1,1,1,1,1,1,96,200,CC放電,04/04/2025 16:30:54,1969.562,00:00:32:49.562,3.932801,-0.556836,-2.189926,-1.205794,-0.30401,1.288301,0,StepFinishByFunction,5.34,4.5,6.080191,3.966303
1,1,1,2,1,1,91,201,靜置,04/04/2025 17:03:44,3600,00:01:00:00.000,3.945675,0,0,0,0,1.288301,0,StepFinishByCut_T,5.3,4.5,6.080191,0
1,1,1,2,1,1,92,202,CP充電,04/04/2025 18:03:44,10,00:00:00:10.000,4.382378,98.81844,433.0597,1.203068,0.277847,1.566148,0,StepFinishByCut_T,5.74,4.5,6.080191,4.329963
1,1,1,2,1,1,93,203,靜置,04/04/2025 18:03:54,600,00:00:10:00.000,4.009179,0,0,0,0,1.566148,0,StepFinishByCut_T,5.47,4.5,6.080191,0
1,1,1,2,1,1,94,204,CC放電,04/04/2025 18:13:54,1801.729,00:00:30:01.729,3.935987,-0.556492,-2.190347,-1.103119,-0.277847,1.2883,0,StepFinishByFunction,5.22,4.5,6.080191,3.970236
1,1,1,2,1,1,95,205,靜置,04/04/2025 18:43:56,600,00:00:10:00.000,3.944152,0,0,0,0,1.2883,0,StepFinishByCut_T,5.25,4.5,6.080191,0
1,1,1,2,1,1,96,206,CC放電,04/04/2025 18:53:56,1970.697,00:00:32:50.697,3.868664,-0.556331,-2.152256,-1.186519,-0.30401,0.984291,0,StepFinishByFunction,5.23,4.5,6.080191,3.902899
1,1,1,3,1,1,91,207,靜置,04/04/2025 19:26:47,3600,00:01:00:00.000,3.889043,0,0,0,0,0.984291,0,StepFinishByCut_T,5.23,4.5,6.080191,0
1,1,1,3,1,1,92,208,CP充電,04/04/2025 20:26:47,10,00:00:00:10.000,4.326499,100.1134,433.1406,1.203063,0.281325,1.265615,0,StepFinishByCut_T,5.7,4.5,6.080191,4.276422
1,1,1,3,1,1,93,209,靜置,04/04/2025 20:26:57,600,00:00:10:00.000,3.951398,0,0,0,0,1.265615,0,StepFinishByCut_T,5.35,4.5,6.080191,0
1,1,1,3,1,1,94,210,CC放電,04/04/2025 20:36:57,1824.684,00:00:30:24.684,3.877965,-0.554993,-2.152244,-1.101069,-0.281325,0.984291,0,StepFinishByFunction,5.28,4.5,6.080191,3.913874
1,1,1,3,1,1,95,211,靜置,04/04/2025 21:07:21,600,00:00:10:00.000,3.88668,0,0,0,0,0.984291,0,StepFinishByCut_T,5.22,4.5,6.080191,0
1,1,1,3,1,1,96,212,CC放電,04/04/2025 21:17:21,1969.79,00:00:32:49.790,3.802374,-0.556841,-2.117318,-1.167021,-0.30401,0.680281,0,StepFinishByFunction,5.21,4.5,6.080191,3.838763
1,1,1,1,1,1,97,213,溫箱控制,04/04/2025 21:50:11,2402.049,00:00:40:02.049,3.823785,0,0,0,0,0.680281,0,StepRunning,24.45,24.8,6.080191,0
1,1,1,1,1,1,98,214,靜置,04/04/2025 22:30:13,3600,00:01:00:00.000,3.827902,0,0,0,0,0.680281,0,StepFinishByCut_T,24.59,25,6.080191,0
1,1,1,1,1,2,1,215,靜置,04/04/2025 23:30:13,60,00:00:01:00.000,3.827914,0,0,0,0,0,0,StepFinishByCut_T,24.59,25,0,0
1,1,1,1,1,2,2,216,溫箱控制,04/04/2025 23:31:13,2401.679,00:00:40:01.679,3.828596,0,0,0,0,0,0,StepRunning,24.59,25,0,0
1,1,1,1,1,2,3,217,CC-CV充電,04/05/2025 00:11:15,1605.622,00:00:26:45.622,4.299959,0.273997,1.178177,8.655388,2.12435,2.12435,0,StepFinishByCut_I,24.55,25,0,4.074369
1,1,1,1,1,2,4,218,靜置,04/05/2025 00:38:01,3600,00:01:00:00.000,4.288948,0,0,0,0,2.12435,0,StepFinishByCut_T,24.77,25,0,0
1,1,1,1,1,2,5,219,CC放電,04/05/2025 01:38:01,3958.263,00:01:05:58.263,2.499983,-5.507858,-13.76955,-22.45088,-6.054258,-3.929908,0,StepFinishByCut_V,25.75,25,6.054258,3.708279
1,1,1,1,1,2,6,220,靜置,04/05/2025 02:43:59,3600,00:01:00:00.000,2.940389,0,0,0,0,-3.929908,0,StepFinishByCut_T,24.67,25,6.054258,0
1,1,1,1,1,2,7,221,CC-CV充電,04/05/2025 03:43:59,3172.88,00:00:52:52.880,4.038018,5.496461,22.19481,17.79978,4.843407,0.913499,0,StepFinishByFunction,24.65,25,6.054258,3.675054
1,1,1,1,1,2,8,222,溫箱控制,04/05/2025 04:36:52,3000.417,00:00:50:00.417,4.017584,0,0,0,0,0.913499,0,StepRunning,2.3,1.5,6.054258,0
1,1,1,1,1,2,9,223,靜置,04/05/2025 05:26:52,1800,00:00:30:00.000,4.017163,0,0,0,0,0.913499,0,StepFinishByCut_T,2.24,1.5,6.054258,0
1,1,1,1,1,2,10,224,靜置,04/05/2025 05:56:52,3600,00:01:00:00.000,4.016624,0,0,0,0,0.913499,0,StepFinishByCut_T,2.35,1.5,6.054258,0
1,1,1,1,1,2,11,225,CP充電,04/05/2025 06:56:52,2.755,00:00:00:02.755,4.40002,98.43691,433.1244,0.331467,0.075741,0.98924,0,StepFinishByCut_V,2.36,1.5,6.054258,4.376353
1,1,1,1,1,2,12,226,靜置,04/05/2025 06:56:55,600,00:00:10:00.000,4.034963,0,0,0,0,0.98924,0,StepFinishByCut_T,2.47,1.5,6.054258,0
1,1,1,1,1,2,13,227,CC放電,04/05/2025 07:06:55,491.245,00:00:08:11.245,4.010814,-0.556075,-2.230312,-0.304522,-0.075741,0.913499,0,StepFinishByFunction,2.31,1.5,6.054258,4.02059
1,1,1,1,1,2,14,228,靜置,04/05/2025 07:15:07,600,00:00:10:00.000,4.015885,0,0,0,0,0.913499,0,StepFinishByCut_T,2.35,1.5,6.054258,0
1,1,1,1,1,2,15,229,CC放電,04/05/2025 07:25:07,3924.24,00:01:05:24.240,3.882587,-0.556454,-2.160481,-2.38866,-0.605426,0.308073,0,StepFinishByFunction,2.41,1.5,6.054258,3.945421
1,1,1,2,1,2,10,230,靜置,04/05/2025 08:30:31,3600,00:01:00:00.000,3.895588,0,0,0,0,0.308073,0,StepFinishByCut_T,2.29,1.5,6.054258,0
1,1,1,2,1,2,11,231,CP充電,04/05/2025 09:30:31,10,00:00:00:10.000,4.361466,99.29343,433.0649,1.203071,0.279022,0.587095,0,StepFinishByCut_T,2.8,1.5,6.054258,4.31174
1,1,1,2,1,2,12,232,靜置,04/05/2025 09:30:41,600,00:00:10:00.000,3.955498,0,0,0,0,0.587095,0,StepFinishByCut_T,2.54,1.5,6.054258,0
1,1,1,2,1,2,13,233,CC放電,04/05/2025 09:40:41,1809.958,00:00:30:09.958,3.885531,-0.555929,-2.160078,-1.093316,-0.279022,0.308073,0,StepFinishByFunction,2.39,1.5,6.054258,3.918384
1,1,1,2,1,2,14,234,靜置,04/05/2025 10:10:51,600,00:00:10:00.000,3.893703,0,0,0,0,0.308073,0,StepFinishByCut_T,2.35,1.5,6.054258,0
1,1,1,2,1,2,15,235,CC放電,04/05/2025 10:20:51,3923.82,00:01:05:23.820,3.752018,-0.556944,-2.089664,-2.308628,-0.605426,-0.297353,0,StepFinishByFunction,2.24,1.5,6.054258,3.81323
1,1,1,3,1,2,10,236,靜置,04/05/2025 11:26:15,3600,00:01:00:00.000,3.760413,0,0,0,0,-0.297353,0,StepFinishByCut_T,2.33,1.5,6.054258,0
1,1,1,3,1,2,11,237,CP充電,04/05/2025 12:26:15,10,00:00:00:10.000,4.248584,101.939,433.0966,1.203104,0.286824,-0.010529,0,StepFinishByCut_T,2.91,1.5,6.054258,4.194579
1,1,1,3,1,2,12,238,靜置,04/05/2025 12:26:25,600,00:00:10:00.000,3.827728,0,0,0,0,-0.010529,0,StepFinishByCut_T,2.55,1.5,6.054258,0
1,1,1,3,1,2,13,239,CC放電,04/05/2025 12:36:25,1859.229,00:00:30:59.229,3.753555,-0.555898,-2.086592,-1.085025,-0.286824,-0.297353,0,StepFinishByFunction,2.32,1.5,6.054258,3.782898
1,1,1,3,1,2,14,240,靜置,04/05/2025 13:07:24,600,00:00:10:00.000,3.75933,0,0,0,0,-0.297353,0,StepFinishByCut_T,2.3,1.5,6.054258,0
1,1,1,3,1,2,15,241,CC放電,04/05/2025 13:17:24,3925.438,00:01:05:25.438,3.676179,-0.553203,-2.033672,-2.247163,-0.605426,-0.902779,0,StepFinishByFunction,2.25,1.5,6.054258,3.711705
1,1,1,1,1,2,16,242,溫箱控制,04/05/2025 14:22:50,3601.495,00:01:00:01.495,3.689864,0,0,0,0,-0.902779,0,StepRunning,24.64,25.1,6.054258,0
1,1,1,1,1,2,17,243,靜置,04/05/2025 15:22:51,3600,00:01:00:00.000,3.690351,0,0,0,0,-0.902779,0,StepFinishByCut_T,24.62,25,6.054258,0
1,1,1,1,1,2,18,244,CC放電,04/05/2025 16:22:51,791.591,00:00:13:11.591,3.574329,-5.507312,-19.68495,-4.385553,-1.210853,-2.113631,0,StepFinishByFunction,24.81,25,6.054258,3.621872
1,1,1,1,1,2,19,245,靜置,04/05/2025 16:36:03,3600,00:01:00:00.000,3.599273,0,0,0,0,-2.113631,0,StepFinishByCut_T,24.6700000762939,25,6.054258,0
